game_id,player_id,game_date,opponent,minutes,points,rebounds,assists,steals,blocks,turnovers,field_goal_attempts,field_goals_made,three_point_attempts,three_points_made,free_throw_attempts,free_throws_made
DEMO-01-01,1,2024-03-16,MIA,35.5,27,14,9,1,1,3,21,11,6,1,4,4
DEMO-01-02,1,2024-03-19,MIL,28.6,31,14,12,1,0,3,24,11,8,3,7,6
DEMO-01-03,1,2024-03-22,PHX,33.4,33,9,12,2,1,3,22,13,9,4,3,3
DEMO-01-04,1,2024-03-25,LAL,34.3,26,16,10,1,0,3,24,9,9,2,7,6
DEMO-01-05,1,2024-03-28,LAL,39.2,33,11,9,1,0,2,20,12,4,3,7,6
DEMO-01-06,1,2024-03-31,NYK,32.8,38,15,5,2,1,4,25,15,9,3,6,5
DEMO-01-07,1,2024-04-03,MIN,38.8,37,13,7,1,1,2,24,13,7,3,9,8
DEMO-01-08,1,2024-04-06,OKC,30.9,34,13,6,1,0,4,24,14,7,1,5,5
DEMO-01-09,1,2024-04-09,DAL,34.2,35,12,9,2,0,1,22,13,8,4,6,5
DEMO-01-10,1,2024-04-12,BOS,33.8,42,11,9,1,2,2,24,15,9,4,9,8
DEMO-02-01,2,2024-03-16,MIL,35.2,47,7,6,1,1,5,33,18,11,4,9,7
DEMO-02-02,2,2024-03-19,PHX,40.1,42,14,12,0,1,4,38,16,12,3,9,7
DEMO-02-03,2,2024-03-22,DEN,38.5,44,6,7,0,0,2,36,17,14,4,8,6
DEMO-02-04,2,2024-03-25,LAL,37.1,45,12,8,1,1,3,34,17,13,5,6,6
DEMO-02-05,2,2024-03-28,NYK,37.0,43,11,7,3,0,4,35,16,10,5,9,6
DEMO-02-06,2,2024-03-31,MIN,38.0,36,9,13,2,1,2,34,13,11,3,10,7
DEMO-02-07,2,2024-04-03,OKC,35.5,50,12,9,1,0,4,38,20,12,5,6,5
DEMO-02-08,2,2024-04-06,BOS,36.0,51,8,14,2,1,6,35,18,14,7,9,8
DEMO-02-09,2,2024-04-09,BOS,38.0,37,12,9,1,0,4,31,14,11,4,7,5
DEMO-02-10,2,2024-04-12,MIA,36.3,45,4,13,1,0,4,36,16,15,6,9,7
DEMO-03-01,3,2024-03-16,PHX,39.2,50,6,7,1,1,2,34,19,9,4,8,8
DEMO-03-02,3,2024-03-19,DEN,34.0,48,5,9,2,1,3,32,19,10,4,8,6
DEMO-03-03,3,2024-03-22,LAL,38.0,44,4,6,2,1,0,26,16,9,5,7,7
DEMO-03-04,3,2024-03-25,NYK,34.2,38,4,4,2,0,1,31,14,9,4,7,6
DEMO-03-05,3,2024-03-28,MIN,31.9,46,3,4,2,0,2,29,18,11,5,5,5
DEMO-03-06,3,2024-03-31,DAL,37.3,45,13,4,2,2,3,31,17,10,2,11,9
DEMO-03-07,3,2024-04-03,DAL,34.5,23,2,7,2,1,3,24,8,6,0,8,7
DEMO-03-08,3,2024-04-06,BOS,34.0,37,7,4,2,2,4,28,13,12,4,7,7
DEMO-03-09,3,2024-04-09,MIA,31.0,39,2,2,3,3,2,29,14,10,4,8,7
DEMO-03-10,3,2024-04-12,MIL,33.0,38,12,5,3,1,3,28,14,10,5,5,5
DEMO-04-01,4,2024-03-16,DEN,40.0,37,5,4,1,0,4,26,13,9,3,9,8
DEMO-04-02,4,2024-03-19,LAL,34.1,42,10,5,2,2,2,30,14,13,6,9,8
DEMO-04-03,4,2024-03-22,NYK,35.1,39,10,4,1,1,4,28,15,8,3,6,6
DEMO-04-04,4,2024-03-25,MIN,36.8,36,10,7,0,1,4,30,14,11,3,7,5
DEMO-04-05,4,2024-03-28,OKC,37.7,28,8,9,1,1,3,29,11,10,3,3,3
DEMO-04-06,4,2024-03-31,DAL,40.1,36,3,7,0,0,3,29,13,10,3,7,7
DEMO-04-07,4,2024-04-03,MIA,38.0,39,10,5,1,1,2,33,15,13,4,6,5
DEMO-04-08,4,2024-04-06,MIA,35.2,36,12,5,1,2,2,28,14,8,3,6,5
DEMO-04-09,4,2024-04-09,MIL,36.5,42,6,4,1,0,3,29,17,9,3,6,5
DEMO-04-10,4,2024-04-12,PHX,38.1,26,6,8,0,1,3,31,10,10,1,7,5
DEMO-05-01,5,2024-03-16,LAL,34.1,34,6,9,1,1,3,29,13,12,5,5,3
DEMO-05-02,5,2024-03-19,NYK,28.4,46,0,8,2,0,3,28,16,12,6,8,8
DEMO-05-03,5,2024-03-22,MIN,27.7,30,2,9,1,0,1,23,11,8,4,5,4
DEMO-05-04,5,2024-03-25,OKC,37.6,42,2,3,1,0,4,31,16,13,5,6,5
DEMO-05-05,5,2024-03-28,DAL,37.7,41,4,5,2,1,2,32,16,14,5,4,4
DEMO-05-06,5,2024-03-31,BOS,35.5,39,6,7,0,1,3,31,14,12,4,8,7
DEMO-05-07,5,2024-04-03,MIA,30.0,43,8,4,1,0,4,25,14,13,8,8,7
DEMO-05-08,5,2024-04-06,MIL,37.2,39,5,4,0,0,3,29,14,14,5,6,6
DEMO-05-09,5,2024-04-09,PHX,34.6,35,10,2,1,0,3,27,13,10,3,7,6
DEMO-05-10,5,2024-04-12,DEN,29.4,42,9,4,1,1,2,29,15,14,7,5,5
DEMO-06-01,6,2024-03-16,NYK,34.2,38,6,12,2,1,3,24,14,10,4,6,6
DEMO-06-02,6,2024-03-19,MIN,40.3,28,8,6,2,0,2,22,11,10,2,4,4
DEMO-06-03,6,2024-03-22,OKC,34.1,35,6,8,1,0,4,25,14,11,4,4,3
DEMO-06-04,6,2024-03-25,DAL,30.1,42,7,10,1,0,3,27,16,11,6,7,4
DEMO-06-05,6,2024-03-28,BOS,37.2,28,7,8,2,0,3,22,10,8,2,9,6
DEMO-06-06,6,2024-03-31,MIA,34.5,29,5,7,2,0,4,24,11,9,3,4,4
DEMO-06-07,6,2024-04-03,MIL,32.8,30,8,11,1,1,3,21,10,10,5,6,5
DEMO-06-08,6,2024-04-06,PHX,31.3,36,5,8,2,0,5,24,14,11,4,5,4
DEMO-06-09,6,2024-04-09,DEN,40.7,39,8,8,1,0,3,27,14,11,5,6,6
DEMO-06-10,6,2024-04-12,NYK,37.4,34,5,9,1,0,4,21,12,10,5,5,5
DEMO-07-01,7,2024-03-16,MIN,30.4,31,14,4,1,2,2,24,13,9,2,3,3
DEMO-07-02,7,2024-03-19,OKC,31.7,23,9,5,0,2,2,18,10,7,1,3,2
DEMO-07-03,7,2024-03-22,DAL,38.6,16,13,5,2,1,4,19,7,6,0,3,2
DEMO-07-04,7,2024-03-25,BOS,34.5,28,8,5,1,2,2,19,12,5,2,3,2
DEMO-07-05,7,2024-03-28,MIL,31.2,19,7,5,0,3,1,14,9,1,0,4,1
DEMO-07-06,7,2024-03-31,MIL,32.0,22,11,0,0,1,2,17,9,5,2,4,2
DEMO-07-07,7,2024-04-03,PHX,30.7,21,8,4,2,1,2,19,8,5,1,4,4
DEMO-07-08,7,2024-04-06,DEN,36.0,32,9,8,1,0,1,21,12,6,3,8,5
DEMO-07-09,7,2024-04-09,LAL,34.2,19,9,3,1,1,1,20,8,7,1,2,2
DEMO-07-10,7,2024-04-12,NYK,33.3,26,10,5,0,2,3,17,10,4,2,4,4
DEMO-08-01,8,2024-03-16,OKC,33.2,41,7,8,2,2,3,32,14,16,7,7,6
DEMO-08-02,8,2024-03-19,DAL,36.4,32,8,6,2,2,2,26,12,13,4,6,4
DEMO-08-03,8,2024-03-22,BOS,39.4,43,2,3,2,1,2,30,16,12,5,6,6
DEMO-08-04,8,2024-03-25,MIA,41.5,31,3,9,0,0,5,28,11,12,4,6,5
DEMO-08-05,8,2024-03-28,MIL,36.1,41,3,9,0,0,3,32,16,13,4,7,5
DEMO-08-06,8,2024-03-31,PHX,35.3,30,3,10,0,0,3,32,10,13,3,8,7
DEMO-08-07,8,2024-04-03,DEN,35.2,44,3,5,2,0,4,32,17,14,6,6,4
DEMO-08-08,8,2024-04-06,LAL,34.4,40,3,4,2,1,4,28,16,12,6,3,2
DEMO-08-09,8,2024-04-09,MIN,36.5,38,6,6,0,0,1,28,14,12,6,5,4
DEMO-08-10,8,2024-04-12,MIN,34.8,32,2,8,1,0,3,32,12,15,4,5,4
DEMO-09-01,9,2024-03-16,DAL,27.7,35,4,10,1,1,2,26,13,10,4,5,5
DEMO-09-02,9,2024-03-19,BOS,28.6,31,4,11,1,0,3,19,11,5,3,8,6
DEMO-09-03,9,2024-03-22,MIA,31.9,21,0,12,1,0,1,23,10,8,1,1,0
DEMO-09-04,9,2024-03-25,MIL,33.9,23,1,12,0,1,1,21,9,8,3,2,2
DEMO-09-05,9,2024-03-28,PHX,31.4,30,7,10,2,0,3,24,11,8,3,6,5
DEMO-09-06,9,2024-03-31,DEN,29.1,34,5,8,1,1,2,23,13,5,3,8,5
DEMO-09-07,9,2024-04-03,LAL,32.2,33,0,11,0,1,2,21,11,8,4,7,7
DEMO-09-08,9,2024-04-06,NYK,42.0,22,4,13,2,1,0,22,10,7,1,1,1
DEMO-09-09,9,2024-04-09,MIN,27.4,34,1,9,3,1,4,23,13,7,2,6,6
DEMO-09-10,9,2024-04-12,OKC,31.7,27,2,12,0,1,3,24,12,8,3,1,0
DEMO-10-01,10,2024-03-16,BOS,39.1,40,1,2,2,2,1,26,14,7,4,8,8
DEMO-10-02,10,2024-03-19,MIA,31.4,25,10,5,1,2,3,28,11,9,1,5,2
DEMO-10-03,10,2024-03-22,MIL,32.0,35,8,3,2,0,3,23,13,7,3,7,6
DEMO-10-04,10,2024-03-25,PHX,31.2,42,2,3,2,0,4,30,16,10,4,7,6
DEMO-10-05,10,2024-03-28,DEN,34.7,26,4,4,3,0,4,21,10,8,2,5,4
DEMO-10-06,10,2024-03-31,LAL,36.5,31,2,7,2,1,3,26,11,11,3,8,6
DEMO-10-07,10,2024-04-03,NYK,27.9,26,8,9,1,1,3,29,10,12,2,5,4
DEMO-10-08,10,2024-04-06,OKC,38.3,30,6,4,1,1,2,24,12,8,3,4,3
DEMO-10-09,10,2024-04-09,OKC,35.8,35,4,5,1,0,3,26,13,10,4,6,5
DEMO-10-10,10,2024-04-12,DAL,36.7,34,2,5,1,1,3,32,14,11,2,4,4
DEMO-11-01,11,2024-03-16,MIA,34.7,28,4,6,0,1,2,24,10,9,4,4,4
DEMO-11-02,11,2024-03-19,MIL,37.2,43,7,6,0,1,3,29,17,13,6,6,3
DEMO-11-03,11,2024-03-22,DEN,33.3,40,8,5,1,1,4,27,15,13,5,7,5
DEMO-11-04,11,2024-03-25,DEN,33.6,37,10,11,1,0,2,26,12,13,6,9,7
DEMO-11-05,11,2024-03-28,LAL,39.2,39,6,1,2,1,3,28,15,11,5,4,4
DEMO-11-06,11,2024-03-31,NYK,39.8,34,2,4,1,1,1,25,13,12,5,5,3
DEMO-11-07,11,2024-04-03,MIN,37.6,34,6,4,2,1,3,26,14,11,4,3,2
DEMO-11-08,11,2024-04-06,OKC,36.8,44,6,2,2,2,3,29,17,13,6,6,4
DEMO-11-09,11,2024-04-09,DAL,39.3,43,5,6,0,1,3,24,13,13,7,10,10
DEMO-11-10,11,2024-04-12,BOS,38.9,28,6,4,1,1,4,24,10,11,4,4,4
DEMO-12-01,12,2024-03-16,MIL,28.1,26,17,2,0,4,3,19,10,7,2,4,4
DEMO-12-02,12,2024-03-19,PHX,30.9,26,12,1,1,4,3,25,10,7,2,6,4
DEMO-12-03,12,2024-03-22,DEN,30.6,28,12,3,1,4,2,19,11,6,2,5,4
DEMO-12-04,12,2024-03-25,LAL,23.1,31,8,3,1,4,3,24,11,7,4,6,5
DEMO-12-05,12,2024-03-28,NYK,23.3,23,10,3,1,3,2,21,8,7,2,6,5
DEMO-12-06,12,2024-03-31,MIN,26.9,22,11,4,2,3,4,23,9,7,1,3,3
DEMO-12-07,12,2024-04-03,OKC,36.3,15,10,4,1,4,3,23,7,6,0,4,1
DEMO-12-08,12,2024-04-06,DAL,30.4,23,11,2,2,2,4,21,8,7,1,7,6
DEMO-12-09,12,2024-04-09,BOS,27.8,22,10,4,1,2,4,22,8,5,2,6,4
DEMO-12-10,12,2024-04-12,MIA,31.0,23,10,0,2,3,5,26,10,10,3,0,0
