player_id,season,games_played,minutes_per_game,points_per_game,rebounds_per_game,assists_per_game,steals_per_game,blocks_per_game,turnovers_per_game,field_goal_percentage,three_point_percentage,free_throw_percentage
1,2023-24,79,34.6,26.4,12.4,9.0,1.4,0.9,3.0,0.583,0.359,0.817
2,2023-24,70,37.5,33.9,9.2,9.8,1.4,0.5,4.0,0.487,0.382,0.786
3,2023-24,75,34.0,30.1,5.5,6.2,2.0,0.9,2.2,0.535,0.353,0.874
4,2023-24,74,35.7,26.9,8.1,4.9,1.0,0.6,2.5,0.471,0.376,0.833
5,2023-24,74,32.7,26.4,4.5,5.1,0.7,0.4,2.8,0.45,0.408,0.923
6,2023-24,71,35.3,25.7,7.3,8.3,1.3,0.5,3.5,0.54,0.41,0.75
7,2023-24,71,34.0,19.3,10.4,3.9,1.1,0.9,2.3,0.521,0.357,0.755
8,2023-24,77,35.4,28.7,3.6,6.7,0.9,0.2,2.4,0.479,0.401,0.847
9,2023-24,69,32.2,20.1,3.9,10.9,1.2,0.7,2.3,0.477,0.364,0.855
10,2023-24,79,35.1,25.9,5.4,5.1,1.3,0.5,3.1,0.461,0.357,0.836
11,2023-24,75,37.2,27.1,6.6,5.0,0.9,1.2,3.3,0.523,0.413,0.856
12,2023-24,71,29.7,21.4,10.6,3.9,1.2,3.6,3.7,0.465,0.325,0.796
